problem,model,function,input,expected,output,is_correct,time_taken
dp_001,gpt4o,maxProfit,5,5,5,True,1.0599993402138352e-05
dp_001,gpt4o,maxProfit,0,0,0,True,7.499998901039362e-06
dp_002,gpt4o,getRow,"[1, 3, 3, 1]","[1, 3, 3, 1]","[1, 3, 3, 1]",True,1.1099997209385037e-05
dp_002,gpt4o,getRow,[1],[1],[1],True,1.00000761449337e-06
dp_002,gpt4o,getRow,"[1, 1]","[1, 1]","[1, 1]",True,1.600012183189392e-06
dp_003,gpt4o,fib,1,1,1,True,4.7000066842883825e-06
dp_003,gpt4o,fib,2,2,2,True,2.00001522898674e-06
dp_003,gpt4o,fib,3,3,3,True,6.999762263149023e-07
dp_004,gpt4o,generate,"[[1], [1, 1], [1, 2, 1], [1, 3, 3, 1], [1, 4, 6, 4, 1]]","[[1], [1, 1], [1, 2, 1], [1, 3, 3, 1], [1, 4, 6, 4, 1]]","[[1], [1, 1], [1, 2, 1], [1, 3, 3, 1], [1, 4, 6, 4, 1]]",True,1.2800010154023767e-05
dp_004,gpt4o,generate,[[1]],[[1]],[[1]],True,9.00006853044033e-07
dp_005,gpt4o,getMaximumGenerated,3,3,3,True,1.0199990356341004e-05
dp_005,gpt4o,getMaximumGenerated,1,1,1,True,2.0999868866056204e-06
dp_005,gpt4o,getMaximumGenerated,2,2,2,True,1.200009137392044e-06
dp_006,gpt4o,minCostClimbingStairs,15,15,15,True,5.4000120144337416e-06
dp_006,gpt4o,minCostClimbingStairs,6,6,6,True,3.7999998312443495e-06
dp_007,gpt4o,divisorGame,True,True,True,True,2.00001522898674e-06
dp_007,gpt4o,divisorGame,False,False,False,True,1.00000761449337e-06
dp_008,gpt4o,isSubsequence,True,True,True,True,7.299997378140688e-06
dp_008,gpt4o,isSubsequence,False,False,False,True,1.300009898841381e-06
dp_009,gpt4o,findLength,3,3,3,True,1.6200006939470768e-05
dp_009,gpt4o,findLength,5,5,5,True,6.699992809444666e-06
dp_010,gpt4o,soupServings,0.625,0.625,0.625,True,2.1799991372972727e-05
dp_010,gpt4o,soupServings,0.71875,0.71875,0.71875,True,2.1400017431005836e-05
dp_011,gpt4o,subarrayBitwiseORs,1,1,1,True,1.3299984857439995e-05
dp_011,gpt4o,subarrayBitwiseORs,3,3,3,True,6.399990525096655e-06
dp_011,gpt4o,subarrayBitwiseORs,6,6,6,True,3.9000005926936865e-06
dp_012,gpt4o,mctFromLeafValues,32,32,32,True,9.399984264746308e-06
dp_012,gpt4o,mctFromLeafValues,44,44,44,True,2.9999937396496534e-06
dp_013,gpt4o,maximumScoreAfterOperations,11,11,11,True,6.459999713115394e-05
dp_013,gpt4o,maximumScoreAfterOperations,40,40,40,True,5.799985956400633e-06
dp_014,gpt4o,squareFreeSubsets,3,3,3,True,0.000694099988322705
dp_014,gpt4o,squareFreeSubsets,1,1,1,True,3.1400006264448166e-05
dp_015,gpt4o,maxResult,7,7,7,True,1.4999997802078724e-05
dp_015,gpt4o,maxResult,17,17,17,True,3.7999998312443495e-06
dp_015,gpt4o,maxResult,0,0,0,True,3.8000289350748062e-06
dp_016,gpt4o,coinChange,3,3,3,True,4.67000063508749e-05
dp_016,gpt4o,coinChange,-1,-1,-1,True,2.500019036233425e-06
dp_016,gpt4o,coinChange,0,0,0,True,1.2999807950109243e-06
dp_017,gpt4o,minFlips,2,2,2,True,2.2700027329847217e-05
dp_017,gpt4o,minFlips,0,0,0,True,6.799993570894003e-06
dp_017,gpt4o,minFlips,1,1,1,True,4.3000036384910345e-06
dp_018,gpt4o,maxAlternatingSum,7,7,7,True,5.5000127758830786e-06
dp_018,gpt4o,maxAlternatingSum,,8,6,False,1.100008375942707e-06
dp_018,gpt4o,maxAlternatingSum,,10,8,False,1.00000761449337e-06
dp_019,gpt4o,minimumVisitedCells,-1,-1,-1,True,0.00011770002311095595
dp_019,gpt4o,minimumVisitedCells,-1,-1,-1,True,4.369998350739479e-05
dp_020,gpt4o,maxEnvelopes,3,3,3,True,1.1500000255182385e-05
dp_020,gpt4o,maxEnvelopes,1,1,1,True,2.4999899324029684e-06
dp_021,gpt4o,dieSimulator,34,34,34,True,3.749999450519681e-05
dp_021,gpt4o,dieSimulator,30,30,30,True,8.300004992634058e-06
dp_021,gpt4o,dieSimulator,,181,183,False,1.200000406242907e-05
dp_022,gpt4o,sellingWood,19,19,19,True,1.9500002963468432e-05
dp_022,gpt4o,sellingWood,32,32,32,True,1.4599994756281376e-05
dp_023,gpt4o,maxProfit,2,2,2,True,8.500006515532732e-06
dp_023,gpt4o,maxProfit,7,7,7,True,1.0300020221620798e-05
dp_024,gpt4o,cheapestJump,"[1, 3, 5]","[1, 3, 5]","[1, 3, 5]",True,2.0599982235580683e-05
dp_024,gpt4o,cheapestJump,[],[],[],True,5.999987479299307e-06
dp_025,gpt4o,uniqueLetterString,10,10,10,True,1.689998316578567e-05
dp_025,gpt4o,uniqueLetterString,8,8,8,True,3.4999975468963385e-06
dp_025,gpt4o,uniqueLetterString,92,92,92,True,3.9799982914701104e-05
dp_026,gpt4o,numWays,4,4,4,True,1.0899995686486363e-05
dp_026,gpt4o,numWays,2,2,2,True,2.7999922167509794e-06
dp_026,gpt4o,numWays,8,8,8,True,2.8999929782003164e-06
dp_027,gpt4o,beautifulPartitions,3,3,3,True,4.6900007873773575e-05
dp_027,gpt4o,beautifulPartitions,1,1,1,True,1.1199997970834374e-05
dp_027,gpt4o,beautifulPartitions,1,1,1,True,8.200004231184721e-06
dp_028,gpt4o,maxDotProduct,18,18,18,True,2.3800006601959467e-05
dp_028,gpt4o,maxDotProduct,21,21,21,True,5.1000097300857306e-06
dp_028,gpt4o,maxDotProduct,-1,-1,-1,True,3.2999960239976645e-06
